user_id,preferred_difficulty,preferred_region,preferred_season,preferred_tags,activity_level
user_001,easy,south,summer,family|lake,medium
user_002,easy,north,spring,waterfall|wildlife,medium
user_003,easy,central,summer,forest|wildlife,low
user_004,hard,central,autumn,coastal|viewpoint,medium
user_005,moderate,east,autumn,lake|waterfall,high
user_006,easy,west,spring,forest|wildlife,low
user_007,moderate,north,winter,mountain|viewpoint,medium
user_008,hard,central,autumn,mountain|wildlife,medium
user_009,easy,east,spring,forest|lake,medium
user_010,moderate,west,autumn,mountain|waterfall,high
user_011,easy,north,summer,family|lake,low
user_012,moderate,west,autumn,lake|waterfall,medium
user_013,hard,east,spring,viewpoint|waterfall,high
user_014,easy,east,spring,family|waterfall,low
user_015,moderate,west,winter,lake|mountain,low
user_016,hard,east,summer,coastal|viewpoint,high
user_017,moderate,central,winter,mountain|viewpoint,low
user_018,hard,south,winter,viewpoint|wildlife,high
user_019,easy,south,winter,forest|lake,low
user_020,hard,central,autumn,coastal|waterfall,medium
user_021,moderate,east,spring,forest|mountain,high
user_022,moderate,east,summer,forest|waterfall,medium
user_023,easy,south,autumn,family|lake,medium
user_024,hard,central,autumn,mountain|waterfall,high
user_025,easy,south,spring,family|wildlife,medium
user_026,moderate,west,spring,forest|viewpoint,low
user_027,hard,west,summer,viewpoint|waterfall,high
user_028,moderate,central,summer,lake|waterfall,low
user_029,hard,central,winter,coastal|wildlife,medium
user_030,easy,north,summer,family|forest,low
user_031,easy,south,spring,forest|wildlife,medium
user_032,hard,east,winter,mountain|viewpoint,high
user_033,easy,south,winter,waterfall|wildlife,low
user_034,moderate,west,autumn,forest|viewpoint,high
user_035,hard,north,winter,mountain|waterfall,medium
user_036,easy,south,winter,lake|wildlife,medium
user_037,easy,south,spring,family|waterfall,low
user_038,easy,north,summer,forest|wildlife,medium
user_039,easy,west,spring,lake|waterfall,low
user_040,easy,west,autumn,family|waterfall,low
user_041,hard,east,summer,viewpoint|waterfall,medium
user_042,hard,east,spring,mountain|waterfall,high
user_043,easy,north,spring,lake|wildlife,low
user_044,moderate,south,winter,forest|viewpoint,high
user_045,moderate,central,spring,forest|lake,low
user_046,moderate,east,summer,lake|mountain,medium
user_047,easy,east,spring,family|waterfall,low
user_048,moderate,north,summer,forest|viewpoint,low
user_049,moderate,south,autumn,forest|mountain,medium
user_050,hard,central,spring,waterfall|wildlife,medium
user_051,moderate,east,spring,forest|lake,medium
user_052,hard,east,autumn,viewpoint|waterfall,high
user_053,moderate,central,winter,lake|mountain,medium
user_054,easy,east,spring,forest|waterfall,low
user_055,easy,west,winter,family|lake,low
user_056,easy,central,spring,forest|lake,medium
user_057,hard,west,summer,viewpoint|waterfall,high
user_058,easy,south,summer,family|forest,low
user_059,moderate,central,summer,viewpoint|waterfall,medium
user_060,moderate,west,spring,lake|viewpoint,high
user_061,easy,east,summer,lake|waterfall,low
user_062,moderate,west,summer,forest|waterfall,high
user_063,easy,south,summer,family|wildlife,low
user_064,easy,east,spring,family|waterfall,low
user_065,hard,central,autumn,coastal|wildlife,high
user_066,moderate,central,autumn,lake|mountain,high
user_067,moderate,east,winter,mountain|waterfall,low
user_068,easy,east,spring,lake|waterfall,medium
user_069,easy,east,winter,lake|wildlife,medium
user_070,moderate,north,autumn,mountain|viewpoint,low
user_071,hard,east,summer,coastal|wildlife,medium
user_072,moderate,central,autumn,lake|waterfall,low
user_073,easy,south,winter,family|wildlife,medium
user_074,hard,west,winter,coastal|wildlife,high
user_075,hard,east,autumn,mountain|viewpoint,medium
user_076,easy,south,summer,family|lake,low
user_077,easy,west,winter,forest|waterfall,low
user_078,hard,west,winter,coastal|viewpoint,high
user_079,moderate,west,summer,forest|viewpoint,low
user_080,moderate,north,summer,viewpoint|waterfall,low
user_081,moderate,west,autumn,lake|waterfall,high
user_082,hard,central,winter,coastal|waterfall,high
user_083,hard,east,summer,coastal|waterfall,high
user_084,hard,south,autumn,coastal|waterfall,high
user_085,moderate,east,autumn,lake|mountain,medium
user_086,moderate,south,winter,lake|viewpoint,high
user_087,moderate,west,autumn,forest|waterfall,medium
user_088,hard,west,winter,mountain|viewpoint,medium
user_089,hard,west,spring,coastal|mountain,high
user_090,hard,central,summer,coastal|waterfall,high
user_091,moderate,north,winter,viewpoint|waterfall,medium
user_092,hard,south,spring,coastal|viewpoint,medium
user_093,hard,north,winter,mountain|waterfall,high
user_094,easy,east,winter,forest|lake,low
user_095,hard,west,autumn,waterfall|wildlife,medium
user_096,hard,west,spring,mountain|wildlife,high
user_097,easy,north,spring,family|lake,medium
user_098,moderate,central,summer,forest|lake,high
user_099,easy,west,autumn,forest|lake,low
user_100,moderate,south,autumn,forest|viewpoint,high
user_101,easy,west,summer,family|waterfall,low
user_102,moderate,east,spring,forest|lake,low
user_103,hard,central,winter,mountain|wildlife,high
user_104,easy,north,winter,family|wildlife,medium
user_105,moderate,west,summer,mountain|waterfall,high
user_106,moderate,west,winter,viewpoint|waterfall,medium
user_107,hard,south,spring,waterfall|wildlife,high
user_108,easy,central,winter,lake|waterfall,low
user_109,hard,west,summer,viewpoint|wildlife,medium
user_110,moderate,central,autumn,mountain|viewpoint,medium
user_111,moderate,west,winter,forest|lake,medium
user_112,moderate,west,spring,viewpoint|waterfall,medium
user_113,easy,east,autumn,lake|waterfall,low
user_114,moderate,east,winter,mountain|waterfall,medium
user_115,easy,south,autumn,forest|lake,low
user_116,moderate,south,winter,lake|viewpoint,low
user_117,moderate,north,summer,mountain|viewpoint,low
user_118,moderate,north,summer,lake|mountain,medium
user_119,easy,south,winter,family|wildlife,low
user_120,easy,west,winter,family|wildlife,low
user_121,moderate,west,spring,forest|mountain,medium
user_122,hard,central,spring,coastal|mountain,high
user_123,moderate,south,spring,forest|mountain,low
user_124,hard,central,winter,viewpoint|waterfall,medium
user_125,hard,east,spring,coastal|wildlife,medium
user_126,easy,east,spring,lake|wildlife,medium
user_127,easy,south,spring,forest|wildlife,low
user_128,hard,south,autumn,mountain|wildlife,medium
user_129,hard,east,summer,mountain|viewpoint,medium
user_130,moderate,south,spring,lake|mountain,medium
user_131,easy,west,spring,family|wildlife,low
user_132,moderate,central,winter,mountain|waterfall,medium
user_133,easy,central,autumn,family|waterfall,medium
user_134,easy,east,spring,forest|wildlife,low
user_135,moderate,east,summer,viewpoint|waterfall,high
user_136,hard,west,autumn,coastal|mountain,high
user_137,moderate,east,winter,forest|lake,medium
user_138,moderate,west,spring,forest|waterfall,medium
user_139,moderate,central,spring,forest|waterfall,medium
user_140,hard,south,autumn,coastal|mountain,medium
user_141,hard,south,autumn,coastal|mountain,medium
user_142,moderate,north,spring,viewpoint|waterfall,medium
user_143,hard,east,spring,viewpoint|waterfall,high
user_144,easy,west,spring,forest|lake,medium
user_145,moderate,central,autumn,mountain|waterfall,medium
user_146,hard,west,summer,coastal|viewpoint,medium
user_147,moderate,west,autumn,forest|mountain,medium
user_148,hard,east,autumn,mountain|wildlife,high
user_149,hard,west,winter,coastal|viewpoint,high
user_150,hard,south,summer,coastal|wildlife,medium
user_151,moderate,east,winter,forest|waterfall,medium
user_152,hard,west,spring,coastal|viewpoint,medium
user_153,moderate,west,spring,forest|mountain,low
user_154,hard,west,summer,mountain|viewpoint,medium
user_155,easy,north,autumn,family|waterfall,low
user_156,hard,west,spring,coastal|wildlife,high
user_157,moderate,north,winter,lake|mountain,medium
user_158,hard,south,autumn,coastal|mountain,high
user_159,moderate,east,autumn,forest|mountain,high
user_160,moderate,central,summer,lake|waterfall,medium
user_161,easy,central,summer,waterfall|wildlife,low
user_162,moderate,east,winter,lake|waterfall,medium
user_163,easy,central,summer,family|waterfall,low
user_164,easy,west,autumn,family|wildlife,low
user_165,moderate,west,spring,lake|waterfall,medium
user_166,moderate,east,spring,mountain|viewpoint,low
user_167,hard,north,spring,coastal|wildlife,high
user_168,hard,south,autumn,coastal|wildlife,high
user_169,easy,south,spring,family|wildlife,low
user_170,hard,west,spring,mountain|wildlife,high
user_171,moderate,east,winter,forest|mountain,medium
user_172,easy,central,autumn,family|wildlife,low
user_173,hard,east,spring,coastal|wildlife,high
user_174,easy,west,autumn,lake|wildlife,medium
user_175,easy,central,spring,family|forest,low
user_176,moderate,east,spring,viewpoint|waterfall,medium
user_177,hard,central,summer,mountain|wildlife,medium
user_178,hard,north,summer,coastal|wildlife,medium
user_179,easy,north,spring,family|waterfall,low
user_180,moderate,west,autumn,lake|waterfall,low
user_181,hard,west,spring,viewpoint|waterfall,medium
user_182,hard,north,autumn,coastal|wildlife,high
user_183,easy,north,autumn,family|lake,low
user_184,moderate,east,summer,forest|waterfall,medium
user_185,hard,central,spring,mountain|viewpoint,high
user_186,easy,central,summer,lake|wildlife,low
user_187,moderate,south,autumn,lake|viewpoint,low
user_188,hard,south,summer,mountain|wildlife,high
user_189,moderate,south,spring,forest|viewpoint,medium
user_190,moderate,north,summer,mountain|viewpoint,medium
user_191,easy,north,winter,forest|waterfall,low
user_192,moderate,west,summer,forest|viewpoint,medium
user_193,moderate,west,spring,mountain|viewpoint,high
user_194,easy,north,winter,waterfall|wildlife,low
user_195,hard,east,summer,mountain|waterfall,medium
user_196,easy,west,autumn,family|wildlife,low
user_197,hard,central,summer,mountain|waterfall,medium
user_198,moderate,west,winter,mountain|waterfall,medium
user_199,easy,east,autumn,family|waterfall,medium
user_200,moderate,north,spring,forest|waterfall,medium
